Method,Project
_mlString_Encodermul_std_string_const_,hjson-cpp
Json_Json_Json_,json.cpp
Json_Json_Json_const_,json.cpp
Json_Json_unsigned_long_,json.cpp
Json_operatorequal_Json_,json.cpp
BArray_find_void_constmul_,jvar
Variant_addProperty_char_constmul_Variant_const_,jvar
Variant_createArray_char_constmul_,jvar
Variant_createObject_char_constmul_,jvar
Variant_format_char_constmul_,jvar
Variant_newFrom_Variant_,jvar
format_string_char_constmul_,jvar
formatr_char_constmul_,jvar
getTickCount_,jvar
pathThisProc_char_constmul_,jvar
vformat_string_char_constmul_va_list_,jvar
XMLDocument_Accept_XMLVisitormul_,tinyxml2
XMLDocument_LoadFile_FILEmul_,tinyxml2
XMLPrinter_VisitEnter_XMLElement_const_XMLAttribute_constmul_,tinyxml2
XMLUtil_ConvertUTF32ToUTF8_unsigned_long_charmul_intmul_,tinyxml2
RSJresource_RSJresource_RSJresource_const_,rjsp
RSJresource_fast_parse_std_stringmul_bool_int_intmul_,rjsp
Node_detach_,jzon
Node_end_,jzon
EntryParser_FetchFloat_double_,TinyEXIF
EntryParser_Fetch_double_uint32_t_,TinyEXIF
EntryParser_Fetch_float_,TinyEXIF
EntryParser_Fetch_uint16_t_,TinyEXIF
EntryParser_Fetch_uint16_t_uint32_t_,TinyEXIF
EntryParser_Fetch_uint32_t_,TinyEXIF
bitmap_image_export_rgb_doublemul_doublemul_doublemul_,bitmap
bitmap_image_export_rgb_floatmul_floatmul_floatmul_,bitmap
bitmap_image_export_rgb_normal_doublemul_doublemul_doublemul_,bitmap
bitmap_image_export_rgb_normal_floatmul_floatmul_floatmul_,bitmap
bitmap_image_export_rgb_unsigned_charmul_unsigned_charmul_unsigned_charmul_,bitmap
bitmap_image_export_ycbcr_doublemul_doublemul_doublemul_,bitmap
bitmap_image_import_gray_scale_clamped_doublemul_,bitmap
bitmap_image_import_rgb_clamped_doublemul_doublemul_doublemul_,bitmap
bitmap_image_import_rgb_clamped_floatmul_floatmul_floatmul_,bitmap
bitmap_image_import_rgb_doublemul_doublemul_doublemul_,bitmap
bitmap_image_import_rgb_floatmul_floatmul_floatmul_,bitmap
bitmap_image_import_ycbcr_doublemul_doublemul_doublemul_,bitmap
find_nearest_wave_length_rgb_t_const_double_constequal_0_001_,bitmap
BlockProgressBar_print_progress_boolequal_false_,indicators
TPPLPartition_Triangulate_EC_TPPLPolyListmul_TPPLPolyListmul_,polypartition
TPPLPartition_Triangulate_EC_TPPLPolymul_TPPLPolyListmul_,polypartition
TPPLPartition_Triangulate_MONO_TPPLPolyListmul_TPPLPolyListmul_,polypartition
